"Marcia","Pierce","1-799-342-9361","vel@Inornare.edu","P.O. Box 861 1385 Consequat Rd.","Pottsville","MB","A6U 7T4","1963-11-22","user1"
"Ivy","Kramer","1-437-867-1282","aliquet.libero@pedemalesuadavel.org","346-4462 Suspendisse Ave","Nenana","NL","B1J 8N8","1968-04-12","user1"
"Fitzgerald","Shepard","1-206-777-0595","magnis.dis.parturient@Cras.ca","P.O. Box 380 5309 Amet Avenue","Kennewick","ON","S5H 2I6","1961-03-21","user1"
"Amaya","Jackson","1-762-542-0380","Fusce@utaliquam.ca","P.O. Box 121 3581 Purus Avenue","Richland","MB","R2Q 9T6","1974-09-13","user1"
"Jarrod","Huber","1-469-899-2702","consectetuer.cursus.et@Praesent.edu","P.O. Box 419 4348 Elit. Ave","Falls Church","MB","I5Z 1F4","1983-05-30","user1"
"Kirestin","Mcmahon","1-244-146-8495","lacus@mollis.edu","328-5079 Felis St.","Milford","BC","R5A 9X5","1969-08-05","user1"
"Julian","Ayers","1-191-550-8469","sed.consequat@rutrum.org","7403 Mollis. Av.","Kalispell","YT","Q7J 5O9","1974-04-29","user1"
"Akeem","Mcfadden","1-997-457-2031","Integer.tincidunt@sit.org","271-3230 Porttitor Av.","Kalamazoo","NT","C1P 6X6","1975-10-28","user1"
"Ferris","Ferrell","1-986-568-4320","fringilla.ornare@Phasellusat.com","P.O. Box 453 3973 Nulla Rd.","Racine","ON","P5D 8W4","1957-02-11","user1"
"Bryar","Steele","1-473-168-3889","ut.nulla@mollis.ca","P.O. Box 216 6350 In Avenue","Valparaiso","BC","Q1J 5M5","1972-10-29","user1"
"Sonia","Marquez","1-574-102-4243","ante.Nunc@pharetra.org","P.O. Box 832 2365 Pede. Avenue","Paducah","MB","Z6F 3K0","1964-07-10","user1"
"Sophia","Nixon","1-958-472-8658","sed@ametnullaDonec.org","Ap #810-427 Tincidunt Rd.","Jersey City","NL","H5W 6K7","1960-05-11","user1"
"Ferris","Gonzalez","1-317-146-6049","tortor.nibh@posuerevulputate.ca","Ap #124-9508 Posuere Rd.","Alhambra","NL","U5Y 2G2","1983-01-12","user1"
"Greg","Pierce","1-799-342-9361","vel@Inornare.edu","P.O. Box 861 1385 Consequat Rd.","Pottsville","MB","A6U 7T4","1963-03-22","user1"
"Greg","Kramer","1-437-867-1282","aliquet.libero@pedemalesuadavel.org","346-4462 Suspendisse Ave","Nenana","NL","B1J 8N8","1968-04-12","user1"
"Greg","Shepard","1-206-777-0595","magnis.dis.parturient@Cras.ca","P.O. Box 380 5309 Amet Avenue","Kennewick","ON","S5H 2I6","1961-03-21","user1"
"Greg","Jackson","1-762-542-0380","Fusce@utaliquam.ca","P.O. Box 121 3581 Purus Avenue","Richland","MB","R2Q 9T6","1974-03-13","user1"
"Greg","Huber","1-469-899-2702","consectetuer.cursus.et@Praesent.edu","P.O. Box 419 4348 Elit. Ave","Falls Church","MB","I5Z 1F4","1983-05-30","user1"
"Greg","Mcmahon","1-244-146-8495","lacus@mollis.edu","328-5079 Felis St.","Milford","BC","R5A 9X5","1969-08-05","user1"
"Greg","Huber","1-469-899-2702","consectetuer.cursus.et@Praesent.edu","P.O. Box 419 4348 Elit. Ave","Falls Church","MB","I5Z 1F4","1983-05-30","user1"
"Greg","Jackson","1-762-542-0380","Fusce@utaliquam.ca","P.O. Box 121 3581 Purus Avenue","Richland","MB","R2Q 9T6","1974-03-13","user1"
"Greg","Shepard","1-206-777-0595","magnis.dis.parturient@Cras.ca","P.O. Box 380 5309 Amet Avenue","Kennewick","ON","S5H 2I6","1961-03-21","user1"
"Greg","Kramer","1-437-867-1282","aliquet.libero@pedemalesuadavel.org","346-4462 Suspendisse Ave","Nenana","NL","B1J 8N8","1968-04-12","user1"
"Greg","Pierce","1-799-342-9361","vel@Inornare.edu","P.O. Box 861 1385 Consequat Rd.","Pottsville","MB","A6U 7T4","1963-03-22","user1"
"Greg","Mcmahon","1-244-146-8495","lacus@mollis.edu","328-5079 Felis St.","Milford","BC","R5A 9X5","1969-08-05","user1"
